{"AAPL": 1728102048.606129, "MSFT": 1728102049.6686308, "NVDA": 1728102050.5998073, "ADBE": 1728102051.2147207, "INTC": 1728102051.862624, "JNJ": 1728102052.5372524, "PFE": 1728102053.2262688, "ABBV": 1728102053.8402054, "MRK": 1728102054.527163, "TMO": 1728102055.2837973, "JPM": 1728102055.9694633, "BAC": 1728102057.438377, "WFC": 1728102058.063423, "C": 1728102058.5900333, "GS": 1728102059.3844702, "XOM": 1728102060.2063336, "CVX": 1728102060.9116845, "PBR": 1728102061.5364773, "BP": 1728102062.2743201, "TOT": 1728102066.9513948, "XLK": 1728102067.5411034, "XLV": 1728102068.1270082, "XLF": 1728102069.0374942, "XLE": 1728102069.702591}